idna_subject,checker_type,destination,tested_at
0.0.0.0amsterdam.bytecoins.world,AVAILABILITY,origin.list,2022-10-30 16:16:57.781267
0.0.0.0api.bytecoins.world,AVAILABILITY,origin.list,2022-10-30 16:16:58.910123
0.0.0.0austin.bytecoins.world,AVAILABILITY,origin.list,2022-10-30 16:17:13.692712
0.0.0.0blog.monerov.online,AVAILABILITY,origin.list,2022-10-30 16:17:53.309131
0.0.0.0checkpoint.bytecoins.world,AVAILABILITY,origin.list,2022-10-30 16:18:35.064234
0.0.0.0chart.bytecoins.world,AVAILABILITY,origin.list,2022-10-30 16:18:35.175273
0.0.0.0cloud.bytecoins.world,AVAILABILITY,origin.list,2022-10-30 16:18:47.609031
0.0.0.0cust32.bytecoins.world,AVAILABILITY,origin.list,2022-10-30 16:19:31.384311
0.0.0.0cust82.bytecoins.world,AVAILABILITY,origin.list,2022-10-30 16:19:33.642667
0.0.0.0cvs.bytecoins.world,AVAILABILITY,origin.list,2022-10-30 16:19:38.801493
0.0.0.0dev.bytecoins.world,AVAILABILITY,origin.list,2022-10-30 16:19:54.943736
0.0.0.0development.bytecoins.world,AVAILABILITY,origin.list,2022-10-30 16:19:56.219883
0.0.0.0donate.bytecoins.world,AVAILABILITY,origin.list,2022-10-30 16:20:00.586475
0.0.0.0eth.pools.hppcg.com,AVAILABILITY,origin.list,2022-10-30 16:20:44.445870
0.0.0.0exchange.bytecoins.world,AVAILABILITY,origin.list,2022-10-30 16:20:55.271054
0.0.0.0explorer.monerov.online,AVAILABILITY,origin.list,2022-10-30 16:21:03.018417
0.0.0.0explorer.bytecoins.world,AVAILABILITY,origin.list,2022-10-30 16:21:03.065218
0.0.0.0explorer.stage.monerov.online,AVAILABILITY,origin.list,2022-10-30 16:21:03.705495
0.0.0.0explorer.test.monerov.online,AVAILABILITY,origin.list,2022-10-30 16:21:06.897063
0.0.0.0fl.bytecoins.world,AVAILABILITY,origin.list,2022-10-30 16:21:14.068245
0.0.0.0fwsm0.bytecoins.world,AVAILABILITY,origin.list,2022-10-30 16:21:29.578194
0.0.0.0henry.bytecoins.world,AVAILABILITY,origin.list,2022-10-30 16:22:07.016943
0.0.0.0host.kipcoin.org,AVAILABILITY,origin.list,2022-10-30 16:22:26.862214
0.0.0.0img02.bytecoins.world,AVAILABILITY,origin.list,2022-10-30 16:42:17.615157
0.0.0.0lk.bytecoins.world,AVAILABILITY,origin.list,2022-10-30 16:42:39.983450
0.0.0.0local.bytecoins.world,AVAILABILITY,origin.list,2022-10-30 16:42:48.188112
0.0.0.0mail2.kipcoin.org,AVAILABILITY,origin.list,2022-10-30 16:43:08.432244
0.0.0.0mm.bytecoins.world,AVAILABILITY,origin.list,2022-10-30 16:44:37.601057
0.0.0.0monero.pools.hppcg.com,AVAILABILITY,origin.list,2022-10-30 16:44:46.051645
0.0.0.0monitoring.bytecoins.world,AVAILABILITY,origin.list,2022-10-30 16:44:46.542529
0.0.0.0mta.bytecoins.world,AVAILABILITY,origin.list,2022-10-30 16:45:01.796631
0.0.0.0mta-sts.mail.bytecoins.world,AVAILABILITY,origin.list,2022-10-30 16:45:03.432193
0.0.0.0music.pools.hppcg.com,AVAILABILITY,origin.list,2022-10-30 16:45:04.817490
0.0.0.0mvideo.iddqdelta.com,AVAILABILITY,origin.list,2022-10-30 16:45:09.442049
0.0.0.0namsterdam.bytecoins.world,AVAILABILITY,origin.list,2022-10-30 16:45:37.629321
0.0.0.0napi.bytecoins.world,AVAILABILITY,origin.list,2022-10-30 16:45:43.894638
0.0.0.0naustin.bytecoins.world,AVAILABILITY,origin.list,2022-10-30 16:45:45.379575
0.0.0.0nchart.bytecoins.world,AVAILABILITY,origin.list,2022-10-30 16:46:02.439373
0.0.0.0ncheckpoint.bytecoins.world,AVAILABILITY,origin.list,2022-10-30 16:46:05.585997
0.0.0.0ncloud.bytecoins.world,AVAILABILITY,origin.list,2022-10-30 16:46:11.027676
0.0.0.0ncountdown.bytecoins.world,AVAILABILITY,origin.list,2022-10-30 16:46:11.496055
0.0.0.0ncust32.bytecoins.world,AVAILABILITY,origin.list,2022-10-30 16:46:19.447748
0.0.0.0ncust82.bytecoins.world,AVAILABILITY,origin.list,2022-10-30 16:46:19.560270
0.0.0.0ncvs.bytecoins.world,AVAILABILITY,origin.list,2022-10-30 16:46:19.629453
0.0.0.0ndev.bytecoins.world,AVAILABILITY,origin.list,2022-10-30 16:46:21.295971
0.0.0.0ndevelopment.bytecoins.world,AVAILABILITY,origin.list,2022-10-30 17:05:57.832313
0.0.0.0ndonate.bytecoins.world,AVAILABILITY,origin.list,2022-10-30 17:05:58.062089
0.0.0.0ndownload.bytecoins.world,AVAILABILITY,origin.list,2022-10-30 17:05:58.819361
0.0.0.0newton.bytecoins.world,AVAILABILITY,origin.list,2022-10-30 17:06:05.120237
0.0.0.0nfl.bytecoins.world,AVAILABILITY,origin.list,2022-10-30 17:06:05.831810
0.0.0.0nfaucet.bytecoins.world,AVAILABILITY,origin.list,2022-10-30 17:06:06.032930
0.0.0.0nimg02.bytecoins.world,AVAILABILITY,origin.list,2022-10-30 17:06:20.462307
0.0.0.0nlk.bytecoins.world,AVAILABILITY,origin.list,2022-10-30 17:06:27.060689
0.0.0.0nlocal.bytecoins.world,AVAILABILITY,origin.list,2022-10-30 17:06:32.567372
0.0.0.0nlottery.bytecoins.world,AVAILABILITY,origin.list,2022-10-30 17:06:33.169326
0.0.0.0nmm.bytecoins.world,AVAILABILITY,origin.list,2022-10-30 17:06:48.125510
0.0.0.0nmonitoring.bytecoins.world,AVAILABILITY,origin.list,2022-10-30 17:06:49.495893
0.0.0.0nmta.bytecoins.world,AVAILABILITY,origin.list,2022-10-30 17:06:54.094876
0.0.0.0nmta-sts.mail.bytecoins.world,AVAILABILITY,origin.list,2022-10-30 17:06:55.098276
0.0.0.0nnewton.bytecoins.world,AVAILABILITY,origin.list,2022-10-30 17:06:56.804467
0.0.0.0nnode.bytecoins.world,AVAILABILITY,origin.list,2022-10-30 17:07:03.010267
0.0.0.0node.bytecoins.world,AVAILABILITY,origin.list,2022-10-30 17:07:05.296839
0.0.0.0node.fungibly.xyz,AVAILABILITY,origin.list,2022-10-30 17:07:05.597293
0.0.0.0payroll.bytecoins.world,AVAILABILITY,origin.list,2022-10-30 17:07:44.091966
0.0.0.0pc13.bytecoins.world,AVAILABILITY,origin.list,2022-10-30 17:07:45.555097
0.0.0.0pix.bytecoins.world,AVAILABILITY,origin.list,2022-10-30 17:07:52.858699
0.0.0.0pool.echo-terminal.org,AVAILABILITY,origin.list,2022-10-30 17:08:01.635290
0.0.0.0pool.monerov.online,AVAILABILITY,origin.list,2022-10-30 17:08:01.878211
0.0.0.0pool.test.monerov.online,AVAILABILITY,origin.list,2022-10-30 17:08:03.289530
0.0.0.0pool-eu-rdd.api.cryptopool.eu,AVAILABILITY,origin.list,2022-10-30 17:08:09.418926
0.0.0.0pool-eu-rdd.cryptopool.eu,AVAILABILITY,origin.list,2022-10-30 17:08:11.716571
0.0.0.0r02.bytecoins.world,AVAILABILITY,origin.list,2022-10-30 17:08:33.489828
0.0.0.0sg1-01.stratum.scecf.org,AVAILABILITY,origin.list,2022-10-30 17:09:13.451127
0.0.0.0software.bytecoins.world,AVAILABILITY,origin.list,2022-10-30 17:30:53.439360
0.0.0.0soil.pools.hppcg.com,AVAILABILITY,origin.list,2022-10-30 17:30:54.463602
0.0.0.0soilcoin.pools.hppcg.com,AVAILABILITY,origin.list,2022-10-30 17:30:55.985731
0.0.0.0sun.bytecoins.world,AVAILABILITY,origin.list,2022-10-30 17:31:25.616278
0.0.0.0tucson.bytecoins.world,AVAILABILITY,origin.list,2022-10-30 17:31:43.950896
0.0.0.0ubiq.pools.hppcg.com,AVAILABILITY,origin.list,2022-10-30 17:31:51.994768
0.0.0.0ubq.pools.hppcg.com,AVAILABILITY,origin.list,2022-10-30 17:31:52.142848
0.0.0.0ug.bytecoins.world,AVAILABILITY,origin.list,2022-10-30 17:31:53.977880
0.0.0.0uptime.bytecoins.world,AVAILABILITY,origin.list,2022-10-30 17:31:57.645063
0.0.0.0us6.omegapool.cc,AVAILABILITY,origin.list,2022-10-30 17:31:59.893593
0.0.0.0us-nj-01.pools.hppcg.com,AVAILABILITY,origin.list,2022-10-30 17:32:00.322010
0.0.0.0wallet.monerov.online,AVAILABILITY,origin.list,2022-10-30 17:32:19.119153
0.0.0.0wallets.pools.hppcg.com,AVAILABILITY,origin.list,2022-10-30 17:32:19.247453
0.0.0.0warranty.bytecoins.world,AVAILABILITY,origin.list,2022-10-30 17:32:24.224225
0.0.0.0webmaster.kipcoin.org,AVAILABILITY,origin.list,2022-10-30 17:32:27.734843
0.0.0.0webproxy.bytecoins.world,AVAILABILITY,origin.list,2022-10-30 17:32:32.593860
0.0.0.0widget.bytecoins.world,AVAILABILITY,origin.list,2022-10-30 17:32:34.702268
0.0.0.0www.bytecoins.world,AVAILABILITY,origin.list,2022-10-30 17:52:47.701354
0.0.0.0www.echo-terminal.org,AVAILABILITY,origin.list,2022-10-30 17:52:55.368981
0.0.0.0www.iddqdelta.com,AVAILABILITY,origin.list,2022-10-30 17:53:01.311132
0.0.0.0www.monerov.online,AVAILABILITY,origin.list,2022-10-30 17:53:03.091137
0.0.0.0www.pool.echo-terminal.org,AVAILABILITY,origin.list,2022-10-30 17:53:05.151897
0.0.0.0www.pools.hppcg.com,AVAILABILITY,origin.list,2022-10-30 17:53:07.147454
0.0.0.0xmr.pools.hppcg.com,AVAILABILITY,origin.list,2022-10-30 17:53:21.373935
0.0.0blog.monerov.online,AVAILABILITY,origin.list,2022-10-30 17:53:33.390864
0.0.0cvs.bytecoins.world,AVAILABILITY,origin.list,2022-10-30 17:53:42.301804
0.0.0ella.omegapool.cc,AVAILABILITY,origin.list,2022-10-30 17:53:48.117530
0.0.0explorer.monerov.online,AVAILABILITY,origin.list,2022-10-30 17:53:54.208294
0.0.0explorer.stage.monerov.online,AVAILABILITY,origin.list,2022-10-30 17:53:54.454336
0.0.0explorer.test.monerov.online,AVAILABILITY,origin.list,2022-10-30 17:53:54.587127
0.0.0monitoring.bytecoins.world,AVAILABILITY,origin.list,2022-10-30 18:13:09.670115
0.0.0ncvs.bytecoins.world,AVAILABILITY,origin.list,2022-10-30 18:13:18.162262
0.0.0new.miningpool.shop,AVAILABILITY,origin.list,2022-10-30 18:13:19.732640
0.0.0nlk.bytecoins.world,AVAILABILITY,origin.list,2022-10-30 18:13:25.767525
0.0.0nnewton.bytecoins.world,AVAILABILITY,origin.list,2022-10-30 18:13:31.003796
0.0.0node.fungibly.xyz,AVAILABILITY,origin.list,2022-10-30 18:13:34.216331
0.0.0payroll.bytecoins.world,AVAILABILITY,origin.list,2022-10-30 18:13:41.020682
0.0.0pc13.bytecoins.world,AVAILABILITY,origin.list,2022-10-30 18:13:41.726378
0.0.0pool.monerov.online,AVAILABILITY,origin.list,2022-10-30 18:13:44.677194
0.0.0pool.test.monerov.online,AVAILABILITY,origin.list,2022-10-30 18:13:44.819442
0.0.0wallet.monerov.online,AVAILABILITY,origin.list,2022-10-30 18:14:24.012573
0.0.0www.mineshaft.ml,AVAILABILITY,origin.list,2022-10-30 18:14:44.350757
0.0.0www.monerov.online,AVAILABILITY,origin.list,2022-10-30 18:14:44.977074
0.0.0xmr.mixpools.org,AVAILABILITY,origin.list,2022-10-30 18:14:51.914080
0.0aeon.pooltupi.com,AVAILABILITY,origin.list,2022-10-30 18:15:01.282060
0.0amsterdam.bytecoins.world,AVAILABILITY,origin.list,2022-10-30 18:15:10.315266
0.0antispam.bitalo.com,AVAILABILITY,origin.list,2022-10-30 18:15:12.097350
0.0api.bytecoins.world,AVAILABILITY,origin.list,2022-10-30 18:15:23.090269
0.0api-krb.coinlab.biz,AVAILABILITY,origin.list,2022-10-30 18:15:23.225250
0.0austin.bytecoins.world,AVAILABILITY,origin.list,2022-10-30 18:15:41.906094
0.0bbrdev.coinlab.biz,AVAILABILITY,origin.list,2022-10-30 18:15:52.768038
0.0beam.cool-pool.net,AVAILABILITY,origin.list,2022-10-30 18:15:53.439915
0.0blog.monerov.online,AVAILABILITY,origin.list,2022-10-30 18:16:02.151138
0.0btcn.mineallcrypto.com,AVAILABILITY,origin.list,2022-10-30 18:16:09.953641
0.0ccb-explorer.cryptopoolclub.com,AVAILABILITY,origin.list,2022-10-30 19:02:43.895781
0.0chart.bytecoins.world,AVAILABILITY,origin.list,2022-10-30 19:02:50.613305
