subject,idna_subject,expiration_date,epoch
0cash.org,0cash.org,26-jan-2021,1611619200.0
0on.info,0on.info,12-feb-2021,1613088000.0
0x1f4b0.com,0x1f4b0.com,03-feb-2021,1612310400.0
1-hash.com,1-hash.com,01-may-2022,1651363200.0
1000expert.com,1000expert.com,15-feb-2021,1613347200.0
100btc.com,100btc.com,11-apr-2021,1618099200.0
101010.pl,101010.pl,14-mar-2021,1615680000.0
10adspay.com,10adspay.com,05-apr-2021,1617580800.0
10in10trading.com,10in10trading.com,07-apr-2021,1617753600.0
10xbitco.in,10xbitco.in,10-apr-2021,1618012800.0
10xbitcoin.com,10xbitcoin.com,27-jan-2021,1611705600.0
10xbtc.net,10xbtc.net,28-feb-2021,1614470400.0
120bit.com,120bit.com,06-mar-2021,1614988800.0
120bitcoins.com,120bitcoins.com,01-mar-2021,1614556800.0
12inv.com,12inv.com,24-mar-2022,1648080000.0
12usd.biz,12usd.biz,14-jan-2021,1610582400.0
180tradeoption.com,180tradeoption.com,14-jan-2021,1610582400.0
1daybtc.com,1daybtc.com,10-mar-2021,1615334400.0
1q2w3.website,1q2w3.website,21-feb-2021,1613865600.0
1stpool.org,1stpool.org,23-jan-2021,1611360000.0
1thash.com,1thash.com,31-mar-2022,1648684800.0
1thash.top,1thash.top,26-may-2024,1716681600.0
20dailycoin.com,20dailycoin.com,24-apr-2021,1619222400.0
24bitdeposit.com,24bitdeposit.com,30-apr-2021,1619740800.0
24hourbtc.com,24hourbtc.com,28-feb-2021,1614470400.0
2btc.io,2btc.io,15-mar-2021,1615766400.0
2doublecoin.co,2doublecoin.co,28-feb-2021,1614470400.0
2fxltd.com,2fxltd.com,22-mar-2021,1616371200.0
2giga.download,2giga.download,22-jan-2021,1611273600.0
2hoursbitcoin.com,2hoursbitcoin.com,19-feb-2021,1613692800.0
2passiveincome.com,2passiveincome.com,30-jan-2021,1611964800.0
2x2club.com,2x2club.com,19-feb-2021,1613692800.0
2x2funds.com,2x2funds.com,26-mar-2021,1616716800.0
2x9bitmax.com,2x9bitmax.com,23-mar-2021,1616457600.0
2xbits.com,2xbits.com,18-mar-2021,1616025600.0
2zo.pw,2zo.pw,31-jan-2021,1612051200.0
333eth.io,333eth.io,27-aug-2021,1630022400.0
3389.space,3389.space,03-apr-2021,1617408000.0
3business.com,3business.com,30-jan-2021,1611964800.0
4finance.biz,4finance.biz,12-dec-2025,1765497600.0
4kmine.com,4kmine.com,20-apr-2026,1776643200.0
52hash.com,52hash.com,17-mar-2022,1647475200.0
572133.club,572133.club,20-apr-2021,1618876800.0
5b6b7b.ru,5b6b7b.ru,24-mar-2021,1616544000.0
5bit.biz,5bit.biz,19-mar-2021,1616112000.0
5smining.com,5smining.com,16-jan-2021,1610755200.0
666pool.cn,666pool.cn,15-apr-2021,1618444800.0
6block.com,6block.com,19-oct-2026,1792368000.0
6union.net,6union.net,23-apr-2021,1619136000.0
777payouts.com,777payouts.com,05-apr-2021,1617580800.0
7blockchain.net,7blockchain.net,13-apr-2021,1618272000.0
8bit.lt,8bit.lt,22-jan-2021,1611273600.0
99miners.com,99miners.com,12-nov-2021,1636675200.0
9deposit.com,9deposit.com,15-apr-2021,1618444800.0
9returns.com,9returns.com,28-jan-2026,1769558400.0
aapool.cn,aapool.cn,23-apr-2021,1619136000.0
aapool.org,aapool.org,20-apr-2021,1618876800.0
abmining.io,abmining.io,02-sep-2021,1630540800.0
abseits.ski,abseits.ski,09-dec-2021,1639008000.0
aceminers.com,aceminers.com,28-jan-2021,1611792000.0
aceprofits.net,aceprofits.net,19-jan-2021,1611014400.0
acidpool.com,acidpool.com,16-apr-2021,1618531200.0
active-coin.com,active-coin.com,26-apr-2021,1619395200.0
ad-miner.com,ad-miner.com,26-jan-2021,1611619200.0
adaminers.com,adaminers.com,14-mar-2021,1615680000.0
adbrook.com,adbrook.com,18-mar-2021,1616025600.0
adless.io,adless.io,23-mar-2021,1616457600.0
adrenali.gq,adrenali.gq,04-jun-2021,1622764800.0
advisorinvest.biz,advisorinvest.biz,09-oct-2021,1633737600.0
advtech.group,advtech.group,13-apr-2021,1618272000.0
aeon-pool.com,aeon-pool.com,11-feb-2021,1613001600.0
aeonminingpool.com,aeonminingpool.com,13-oct-2027,1823385600.0
afminer.com,afminer.com,25-feb-2021,1614211200.0
agamamining.xyz,agamamining.xyz,09-may-2021,1620518400.0
aiomine.com,aiomine.com,22-mar-2021,1616371200.0
aionsurf.com,aionsurf.com,24-jan-2021,1611446400.0
airbitclub-official.ru,airbitclub-official.ru,07-mar-2021,1615075200.0
airbitclub.com,airbitclub.com,16-sep-2024,1726444800.0
ajcryptominer.com,ajcryptominer.com,16-jan-2021,1610755200.0
albionunion.com,albionunion.com,11-apr-2023,1681171200.0
alfie.com,alfie.com,22-oct-2025,1761091200.0
alimabi.cn,alimabi.cn,19-apr-2021,1618790400.0
allcoin.com,allcoin.com,21-feb-2021,1613865600.0
alliancesystemclub.com,alliancesystemclub.com,15-apr-2021,1618444800.0
allinhash.com,allinhash.com,09-may-2025,1746748800.0
allmonitors.net,allmonitors.net,23-apr-2022,1650672000.0
alpha-cash.com,alpha-cash.com,29-may-2027,1811548800.0
alpha-t.net,alpha-t.net,22-apr-2021,1619049600.0
altavista.ovh,altavista.ovh,06-mar-2021,1614988800.0
altcoin.farm,altcoin.farm,16-apr-2021,1618531200.0
altcoinpool.club,altcoinpool.club,04-feb-2021,1612396800.0
altcoinpool.ru,altcoinpool.ru,02-nov-2021,1635811200.0
altcoinwarz.com,altcoinwarz.com,23-mar-2021,1616457600.0
altenergo.net,altenergo.net,15-feb-2021,1613347200.0
althashers.com,althashers.com,27-apr-2021,1619481600.0
altmine.org,altmine.org,10-may-2021,1620604800.0
altminer.io,altminer.io,11-jun-2022,1654905600.0
altradecoin.com,altradecoin.com,04-oct-2022,1664841600.0
amazing5.net,amazing5.net,29-aug-2025,1756425600.0
amerty.cc,amerty.cc,04-apr-2021,1617494400.0
amigacoin.org,amigacoin.org,10-apr-2021,1618012800.0
amoveopool.com,amoveopool.com,13-feb-2021,1613174400.0
andlache.com,andlache.com,04-apr-2021,1617494400.0
androidapk.world,androidapk.world,05-mar-2021,1614902400.0
angelwealth.biz,angelwealth.biz,26-jun-2021,1624665600.0
angrypool.com,angrypool.com,05-feb-2021,1612483200.0
anobtc.com,anobtc.com,19-jan-2021,1611014400.0
anomp.com,anomp.com,25-dec-2027,1829692800.0
anthercurrency.com,anthercurrency.com,29-may-2022,1653782400.0
antminecloud.com,antminecloud.com,11-apr-2021,1618099200.0
antpool.com,antpool.com,04-jul-2022,1656892800.0
aommsolutions.com,aommsolutions.com,04-jul-2022,1656892800.0
apdrive.win,apdrive.win,09-jun-2023,1686268800.0
apitrade.pro,apitrade.pro,27-jan-2021,1611705600.0
apollocurrency.com,apollocurrency.com,05-jan-2022,1641340800.0
aprexfund.com,aprexfund.com,11-apr-2021,1618099200.0
aprilcoin.com,aprilcoin.com,15-jan-2021,1610668800.0
arbitradeum.com,arbitradeum.com,15-feb-2021,1613347200.0
arbitraging.co,arbitraging.co,13-feb-2021,1613174400.0
ardexfunds.com,ardexfunds.com,18-oct-2024,1729209600.0
arionumpool.com,arionumpool.com,10-feb-2021,1612915200.0
ark.io,ark.io,02-jul-2021,1625184000.0
aro.cool,aro.cool,01-mar-2021,1614556800.0
arrowbtc.com,arrowbtc.com,02-apr-2021,1617321600.0
arrowchain.io,arrowchain.io,25-apr-2021,1619308800.0
arsbitcoin.com,arsbitcoin.com,20-jun-2021,1624147200.0
aryacoin.io,aryacoin.io,19-feb-2021,1613692800.0
aservices.party,aservices.party,07-apr-2021,1617753600.0
asicbit-pool.ru,asicbit-pool.ru,08-may-2021,1620432000.0
asicpool.org,asicpool.org,21-feb-2021,1613865600.0
asicpool.ru,asicpool.ru,28-apr-2021,1619568000.0
asicpools.com,asicpools.com,16-nov-2021,1637020800.0
asonno.com,asonno.com,13-apr-2021,1618272000.0
asset-inv.com,asset-inv.com,30-mar-2026,1774828800.0
assominer.com,assominer.com,04-feb-2021,1612396800.0
atheios.com,atheios.com,13-apr-2021,1618272000.0
atlanticprofit.com,atlanticprofit.com,10-apr-2021,1618012800.0
atlantistrade.biz,atlantistrade.biz,31-jan-2023,1675123200.0
atm-holding.com,atm-holding.com,25-jan-2021,1611532800.0
atomminer.com,atomminer.com,19-feb-2021,1613692800.0
atpool.party,atpool.party,17-jan-2021,1610841600.0
aurum-bank.com,aurum-bank.com,20-oct-2022,1666224000.0
austpool.com,austpool.com,25-apr-2021,1619308800.0
autobtcminer.com,autobtcminer.com,18-apr-2021,1618704000.0
autofaucet.io,autofaucet.io,08-mar-2021,1615161600.0
avalon-life.com,avalon-life.com,29-mar-2026,1774742400.0
awesomeminers.com,awesomeminers.com,26-jun-2021,1624665600.0
awesomepool.org,awesomepool.org,30-apr-2021,1619740800.0
awmlite.com,awmlite.com,30-mar-2021,1617062400.0
awpool.com,awpool.com,23-dec-2021,1640217600.0
awsmining.com,awsmining.com,08-apr-2021,1617840000.0
axerc.com,axerc.com,26-apr-2027,1808697600.0
axtrades.com,axtrades.com,27-mar-2021,1616803200.0
azakus.co,azakus.co,02-aug-2022,1659398400.0
azvjudwr.info,azvjudwr.info,19-feb-2021,1613692800.0
babelpool.com,babelpool.com,03-jun-2022,1654214400.0
bacm.ro,bacm.ro,14-aug-2022,1660435200.0
baiduccdn1.com,baiduccdn1.com,29-apr-2021,1619654400.0
bajarlo.net,bajarlo.net,20-feb-2021,1613779200.0
balkanminingpool.com,balkanminingpool.com,25-mar-2022,1648166400.0
basepush.com,basepush.com,30-jan-2021,1611964800.0
batpool.com,batpool.com,20-aug-2023,1692489600.0
baypool.org,baypool.org,01-feb-2021,1612137600.0
bbcpool.io,bbcpool.io,05-nov-2021,1636070400.0
beancloud.pro,beancloud.pro,08-aug-2021,1628380800.0
beardpool.rocks,beardpool.rocks,26-jan-2021,1611619200.0
beastminingpool.com,beastminingpool.com,11-aug-2021,1628640000.0
beatingbytes.com,beatingbytes.com,14-jan-2021,1610582400.0
becanium.com,becanium.com,06-mar-2021,1614988800.0
beepool.org,beepool.org,17-aug-2021,1629158400.0
befirstcdn.com,befirstcdn.com,20-oct-2021,1634688000.0
besocial.online,besocial.online,10-feb-2021,1612915200.0
besti.ga,besti.ga,25-apr-2021,1619308800.0
bestpoolminer.cc,bestpoolminer.cc,05-jun-2021,1622851200.0
betandwinornot.com,betandwinornot.com,12-apr-2021,1618185600.0
betweenblocks.org,betweenblocks.org,05-mar-2021,1614902400.0
bfgminer.org,bfgminer.org,06-apr-2021,1617667200.0
biblepay.org,biblepay.org,29-may-2021,1622246400.0
bigdatacash.online,bigdatacash.online,22-apr-2021,1619049600.0
binance.associates,binance.associates,21-apr-2021,1618963200.0
binance.center,binance.center,21-apr-2021,1618963200.0
binance.com,binance.com,01-apr-2021,1617235200.0
binance.directory,binance.directory,21-apr-2021,1618963200.0
binance.express,binance.express,21-apr-2021,1618963200.0
binance.live,binance.live,28-jan-2021,1611792000.0
binancebtc.com,binancebtc.com,06-mar-2021,1614988800.0
binancecash.com,binancecash.com,03-apr-2021,1617408000.0
binancesignin.com,binancesignin.com,03-apr-2021,1617408000.0
binanceus.com,binanceus.com,02-apr-2021,1617321600.0
bis-pool.io,bis-pool.io,25-jan-2021,1611532800.0
bitaps.com,bitaps.com,20-feb-2024,1708387200.0
bitbackoffice.com,bitbackoffice.com,27-sep-2024,1727395200.0
bitclub.network,bitclub.network,16-dec-2021,1639612800.0
bitclubpool.com,bitclubpool.com,24-feb-2021,1614124800.0
bitcoal.io,bitcoal.io,05-apr-2021,1617580800.0
bitcoin-mining.fans,bitcoin-mining.fans,24-may-2021,1621814400.0
bitcoin-russia.ru,bitcoin-russia.ru,07-mar-2021,1615075200.0
bitcoin.com,bitcoin.com,04-jan-2022,1641254400.0
bitcoin.it,bitcoin.it,21-mar-2021,1616284800.0
bitcoiner.win,bitcoiner.win,18-sep-2022,1663459200.0
bitcoinflex.org,bitcoinflex.org,04-apr-2021,1617494400.0
bitcoinmonkey.com,bitcoinmonkey.com,09-jun-2021,1623196800.0
bitcoinmono.io,bitcoinmono.io,10-feb-2021,1612915200.0
bitcoinpool.com,bitcoinpool.com,02-mar-2021,1614643200.0
bitcoins.lc,bitcoins.lc,24-mar-2021,1616544000.0
bitcoinzguiding.ovh,bitcoinzguiding.ovh,25-mar-2021,1616630400.0
bitconnect.co,bitconnect.co,08-feb-2021,1612742400.0
bitconnectpool.co,bitconnectpool.co,28-dec-2021,1640649600.0
bitcrush.info,bitcrush.info,27-apr-2021,1619481600.0
bitday.biz,bitday.biz,28-jan-2021,1611792000.0
bitdharma.com,bitdharma.com,24-jun-2027,1813795200.0
bitfury.com,bitfury.com,21-sep-2023,1695254400.0
bitgrail.com,bitgrail.com,18-feb-2024,1708214400.0
bithumb.com,bithumb.com,16-jun-2021,1623801600.0
bitit.io,bitit.io,14-mar-2021,1615680000.0
bitminter.com,bitminter.com,26-apr-2021,1619395200.0
bitpanda.com,bitpanda.com,05-jun-2024,1717545600.0
bitpay.com,bitpay.com,15-nov-2022,1668470400.0
bitstar-platform.online,bitstar-platform.online,23-sep-2021,1632355200.0
bittrex.com,bittrex.com,25-jan-2024,1706140800.0
bittube.app,bittube.app,03-jan-2022,1641168000.0
bittylicious.com,bittylicious.com,19-may-2021,1621382400.0
bixbite.pro,bixbite.pro,23-apr-2021,1619136000.0
bixin.com,bixin.com,06-may-2025,1746489600.0
blackarrowsoftware.com,blackarrowsoftware.com,13-may-2021,1620864000.0
blackminer.com,blackminer.com,01-mar-2023,1677628800.0
blake2s.com,blake2s.com,18-feb-2021,1613606400.0
bloc.money,bloc.money,22-mar-2021,1616371200.0
blockbucket.net,blockbucket.net,29-mar-2021,1616976000.0
blockchainmeup.org,blockchainmeup.org,27-apr-2021,1619481600.0
blockcooperation.com,blockcooperation.com,11-mar-2021,1615420800.0
blockcruncher.com,blockcruncher.com,03-jun-2021,1622678400.0
blockfoundry.org,blockfoundry.org,23-apr-2021,1619136000.0
blockmasters.co,blockmasters.co,16-mar-2022,1647388800.0
bluerockpools.net,bluerockpools.net,02-may-2021,1619913600.0
bluewpool.io,bluewpool.io,06-jul-2022,1657065600.0
bmcm.pw,bmcm.pw,20-feb-2021,1613779200.0
bpool.com,bpool.com,17-aug-2022,1660694400.0
bravo-mining.com,bravo-mining.com,20-nov-2021,1637366400.0
breadapp.com,breadapp.com,05-oct-2024,1728086400.0
bsmith.io,bsmith.io,02-jul-2021,1625184000.0
btc.com,btc.com,26-mar-2023,1679788800.0
btc.top,btc.top,21-dec-2025,1766275200.0
btccluster.com,btccluster.com,02-sep-2021,1630540800.0
btccpooleos.com,btccpooleos.com,28-apr-2021,1619568000.0
btcmine.com,btcmine.com,14-feb-2021,1613260800.0
btcprivate.pro,btcprivate.pro,20-feb-2021,1613779200.0
btcprominer.life,btcprominer.life,14-mar-2021,1615680000.0
btcz.app,btcz.app,11-sep-2023,1694390400.0
bthmine.site,bthmine.site,26-apr-2021,1619395200.0
bubblemine.com,bubblemine.com,17-apr-2021,1618617600.0
burst-team.us,burst-team.us,02-aug-2021,1627862400.0
burstcoin.ro,burstcoin.ro,16-may-2022,1652659200.0
burstpool.cloud,burstpool.cloud,23-jan-2021,1611360000.0
butcalve.com,butcalve.com,05-apr-2021,1617580800.0
butterflylabs.com,butterflylabs.com,16-aug-2021,1629072000.0
bw.com,bw.com,09-sep-2026,1788912000.0
bytecoin.uk,bytecoin.uk,09-jul-2024,1720483200.0
bytecoins.world,bytecoins.world,20-feb-2021,1613779200.0
bytepool.com,bytepool.com,30-aug-2021,1630281600.0
c1d2.com,c1d2.com,29-apr-2021,1619654400.0
callistopool.org,callistopool.org,06-apr-2021,1617667200.0
canoepool.com,canoepool.com,02-dec-2026,1796169600.0
capodannoinversilia.com,capodannoinversilia.com,19-feb-2021,1613692800.0
cc-poolz.com,cc-poolz.com,10-mar-2021,1615334400.0
ccminer.org,ccminer.org,07-feb-2021,1612656000.0
cdjs.online,cdjs.online,03-mar-2021,1614729600.0
cecked.men,cecked.men,19-mar-2023,1679184000.0
centrys.io,centrys.io,28-feb-2021,1614470400.0
chain-pool.com,chain-pool.com,06-apr-2021,1617667200.0
chainblock.science,chainblock.science,08-apr-2021,1617840000.0
chickenpool.com,chickenpool.com,19-oct-2023,1697673600.0
chimachinenow.com,chimachinenow.com,22-jan-2021,1611273600.0
chinaenter.cn,chinaenter.cn,30-aug-2024,1724976000.0
classicpool.io,classicpool.io,11-mar-2021,1615420800.0
clgserv.pro,clgserv.pro,27-feb-2021,1614384000.0
clickgem.com,clickgem.com,10-dec-2027,1828396800.0
cloneempirecryptomining.com,cloneempirecryptomining.com,03-mar-2021,1614729600.0
clopool.pro,clopool.pro,14-mar-2021,1615680000.0
cloudcdn.gdn,cloudcdn.gdn,17-apr-2021,1618617600.0
cloudflare.solutions,cloudflare.solutions,11-feb-2021,1613001600.0
cloudhashing.com,cloudhashing.com,24-feb-2021,1614124800.0
cnpool.vip,cnpool.vip,04-jun-2023,1685836800.0
coandroid.ru,coandroid.ru,22-apr-2021,1619049600.0
code.ws,code.ws,26-apr-2025,1745625600.0
codpool.com,codpool.com,18-apr-2021,1618704000.0
coffeetableminer.com,coffeetableminer.com,31-may-2021,1622419200.0
coin-digger.com,coin-digger.com,21-mar-2021,1616284800.0
coin-mine.com,coin-mine.com,12-feb-2021,1613088000.0
coin-miner.top,coin-miner.top,14-apr-2021,1618358400.0
coin-mining.net,coin-mining.net,09-feb-2021,1612828800.0
coin-service.com,coin-service.com,15-jan-2021,1610668800.0
coinbase.com,coinbase.com,02-jul-2024,1719878400.0
coincadence.com,coincadence.com,05-mar-2024,1709596800.0
coinevo.tech,coinevo.tech,01-feb-2021,1612137600.0
coinex.pw,coinex.pw,02-oct-2021,1633132800.0
coinfly.cc,coinfly.cc,08-apr-2021,1617840000.0
coinhive.info,coinhive.info,03-mar-2021,1614729600.0
coinicles.tech,coinicles.tech,14-apr-2021,1618358400.0
coinium.org,coinium.org,22-feb-2021,1613952000.0
coinlab.biz,coinlab.biz,31-jan-2021,1612051200.0
coinmama.com,coinmama.com,17-apr-2022,1650153600.0
coinminerz.com,coinminerz.com,30-aug-2021,1630281600.0
coinone.co.kr,coinone.co.kr,11-jun-2021,1623369600.0
coinpool.net,coinpool.net,21-feb-2022,1645401600.0
coinpool.pw,coinpool.pw,02-mar-2021,1614643200.0
coinrelay.com,coinrelay.com,25-mar-2021,1616630400.0
coins4u.cc,coins4u.cc,26-mar-2022,1648252800.0
coins4upool.com,coins4upool.com,18-feb-2022,1645142400.0
coinsecure.in,coinsecure.in,21-jun-2021,1624233600.0
coinsquirrels.com,coinsquirrels.com,16-apr-2021,1618531200.0
coinstop.me,coinstop.me,07-jun-2021,1623024000.0
cointweak.com,cointweak.com,12-apr-2021,1618185600.0
coinwarz.com,coinwarz.com,22-mar-2022,1647907200.0
coinz.pw,coinz.pw,11-nov-2021,1636588800.0
coinzen.pro,coinzen.pro,19-feb-2021,1613692800.0
connectbtc.com,connectbtc.com,20-jul-2023,1689811200.0
cool-pool.net,cool-pool.net,22-feb-2021,1613952000.0
coolmining.club,coolmining.club,08-aug-2022,1659916800.0
copay.io,copay.io,28-mar-2021,1616889600.0
coronatoken.org,coronatoken.org,03-feb-2021,1612310400.0
cortexmint.com,cortexmint.com,23-jun-2023,1687478400.0
covid19pool.com,covid19pool.com,18-apr-2021,1618704000.0
cpuchain.org,cpuchain.org,03-jul-2021,1625270400.0
cpupool.cn,cpupool.cn,09-apr-2021,1617926400.0
crazypool.ca,crazypool.ca,03-mar-2021,1614729600.0
crownplatform.com,crownplatform.com,17-oct-2022,1665964800.0
cryptaloot.pro,cryptaloot.pro,23-feb-2021,1614038400.0
crypto-mining-pool.com,crypto-mining-pool.com,24-apr-2021,1619222400.0
crypto-pool.fr,crypto-pool.fr,26-jan-2022,1643155200.0
crypto-pool.info,crypto-pool.info,19-may-2024,1716076800.0
cryptoadhd.com,cryptoadhd.com,22-feb-2021,1613952000.0
cryptoasiapool.com,cryptoasiapool.com,11-apr-2021,1618099200.0
cryptobara.com,cryptobara.com,01-may-2021,1619827200.0
cryptobender.com,cryptobender.com,08-jan-2022,1641600000.0
cryptoblock.uk,cryptoblock.uk,09-feb-2021,1612828800.0
cryptocoinpools.com,cryptocoinpools.com,20-feb-2021,1613779200.0
cryptocoinsclub.com,cryptocoinsclub.com,09-mar-2021,1615248000.0
cryptocrop.net,cryptocrop.net,04-apr-2022,1649030400.0
cryptoguru.org,cryptoguru.org,06-feb-2021,1612569600.0
cryptohispano.net,cryptohispano.net,26-mar-2021,1616716800.0
cryptoisme.com,cryptoisme.com,06-feb-2021,1612569600.0
cryptonator.com,cryptonator.com,23-dec-2021,1640217600.0
cryptonetwork.host,cryptonetwork.host,11-may-2021,1620691200.0
cryptonote.social,cryptonote.social,23-jan-2021,1611360000.0
cryptopay.me,cryptopay.me,28-may-2021,1622160000.0
cryptopool.io,cryptopool.io,21-jan-2021,1611187200.0
cryptopool.it,cryptopool.it,19-jan-2021,1611014400.0
cryptopool.org,cryptopool.org,27-aug-2026,1787788800.0
cryptopool.party,cryptopool.party,17-jan-2021,1610841600.0
cryptopools.com,cryptopools.com,31-mar-2021,1617148800.0
cryptopowered.club,cryptopowered.club,08-mar-2021,1615161600.0
cryptopros.us,cryptopros.us,06-nov-2021,1636156800.0
cryptorescue.org,cryptorescue.org,28-feb-2021,1614470400.0
cryptoserb.com,cryptoserb.com,08-apr-2021,1617840000.0
cryptot.cc,cryptot.cc,28-apr-2021,1619568000.0
crystaleum.org,crystaleum.org,06-jun-2021,1622937600.0
cubicversecoin.org,cubicversecoin.org,26-jul-2021,1627257600.0
currency-pool.com,currency-pool.com,16-mar-2021,1615852800.0
cyg2016.xyz,cyg2016.xyz,25-apr-2022,1650844800.0
dapool.io,dapool.io,08-nov-2021,1636329600.0
darkcoin.io,darkcoin.io,28-jan-2021,1611792000.0
dashninja.pl,dashninja.pl,14-mar-2025,1741910400.0
dashu.gold,dashu.gold,25-apr-2021,1619308800.0
daxminer.com,daxminer.com,26-feb-2021,1614297600.0
deepbit.net,deepbit.net,24-feb-2021,1614124800.0
deepc.cc,deepc.cc,29-jul-2026,1785283200.0
devphp.org.ua,devphp.org.ua,22-aug-2021,1629590400.0
dfpool.net,dfpool.net,11-sep-2021,1631318400.0
dgb-sonicpool.com,dgb-sonicpool.com,07-mar-2021,1615075200.0
dgb256.online,dgb256.online,30-aug-2021,1630281600.0
digipools.com,digipools.com,27-jun-2021,1624752000.0
digital49er.com,digital49er.com,12-dec-2021,1639267200.0
digitslate.io,digitslate.io,25-mar-2021,1616630400.0
digiuzman.com,digiuzman.com,26-mar-2021,1616716800.0
ditcoin.io,ditcoin.io,04-jul-2021,1625356800.0
dllinjector.com,dllinjector.com,19-mar-2021,1616112000.0
dnb.io,dnb.io,23-apr-2021,1619136000.0
double-spending.com,double-spending.com,29-oct-2021,1635465600.0
doubleclick2.xyz,doubleclick2.xyz,06-apr-2021,1617667200.0
doubleclick3.xyz,doubleclick3.xyz,06-apr-2021,1617667200.0
doubleclick4.xyz,doubleclick4.xyz,06-apr-2021,1617667200.0
doubleclick5.xyz,doubleclick5.xyz,06-apr-2021,1617667200.0
doufen.com,doufen.com,06-mar-2023,1678060800.0
dpool.top,dpool.top,26-nov-2022,1669420800.0
drawpad.org,drawpad.org,02-may-2021,1619913600.0
dreamitsystems.com,dreamitsystems.com,01-apr-2021,1617235200.0
druzensec.win,druzensec.win,21-jun-2023,1687305600.0
dxpool.com,dxpool.com,20-mar-2022,1647734400.0
e-waluty.net.pl,e-waluty.net.pl,09-nov-2021,1636416000.0
e4pool.com,e4pool.com,08-sep-2021,1631059200.0
easticoin.io,easticoin.io,21-feb-2023,1676937600.0
easticoin.org,easticoin.org,21-feb-2023,1676937600.0
eastshoretrade.ml,eastshoretrade.ml,30-oct-2025,1761782400.0
easy2mine.com,easy2mine.com,27-oct-2021,1635292800.0
easyhash.pro,easyhash.pro,23-feb-2021,1614038400.0
easyx.cc,easyx.cc,02-oct-2021,1633132800.0
ebtcpool.com,ebtcpool.com,05-aug-2021,1628121600.0
eclipsemc.com,eclipsemc.com,14-may-2023,1684022400.0
ecoining.com,ecoining.com,20-apr-2021,1618876800.0
eelpool.com,eelpool.com,10-apr-2021,1618012800.0
egem.io,egem.io,24-feb-2021,1614124800.0
ehashcoins.org,ehashcoins.org,25-apr-2021,1619308800.0
elasticpool.com,elasticpool.com,23-apr-2021,1619136000.0
elderhash.com,elderhash.com,20-jan-2021,1611100800.0
electroneum.space,electroneum.space,18-jan-2021,1610928000.0
elicoin.net,elicoin.net,01-feb-2021,1612137600.0
elitehash.net,elitehash.net,17-mar-2021,1615939200.0
elitter.net,elitter.net,10-apr-2021,1618012800.0
ellaismpool.com,ellaismpool.com,05-dec-2021,1638662400.0
encoding.ovh,encoding.ovh,27-mar-2021,1616803200.0
enviromint.xyz,enviromint.xyz,13-jun-2022,1655078400.0
epicpool.net,epicpool.net,10-apr-2021,1618012800.0
epool.io,epool.io,10-jul-2025,1752105600.0
equihash.network,equihash.network,24-aug-2023,1692835200.0
equihub.pro,equihub.pro,22-oct-2022,1666396800.0
erstweal.com,erstweal.com,18-jan-2021,1610928000.0
eruuludam.mn,eruuludam.mn,25-feb-2021,1614211200.0
esn.today,esn.today,09-oct-2021,1633737600.0
etcoin.xyz,etcoin.xyz,20-may-2021,1621468800.0
etcpool.pl,etcpool.pl,14-apr-2021,1618358400.0
ether1.org,ether1.org,26-mar-2021,1616716800.0
ether1pool.org,ether1pool.org,03-apr-2021,1617408000.0
ethercore.io,ethercore.io,26-mar-2021,1616716800.0
ethereumpool.club,ethereumpool.club,06-feb-2021,1612569600.0
ethermine.org,ethermine.org,15-mar-2022,1647302400.0
ethersocial.network,ethersocial.network,21-feb-2021,1613865600.0
ethfans.org,ethfans.org,26-apr-2023,1682467200.0
ethosdistro.com,ethosdistro.com,30-jan-2022,1643500800.0
ethospool.org,ethospool.org,11-aug-2021,1628640000.0
ethtok.xyz,ethtok.xyz,15-apr-2021,1618444800.0
eu.cf,eu.cf,05-may-2024,1714867200.0
eucsoft.com,eucsoft.com,10-feb-2021,1612915200.0
europool.me,europool.me,13-apr-2021,1618272000.0
everstake.one,everstake.one,19-feb-2021,1613692800.0
exdynsrv.com,exdynsrv.com,20-oct-2021,1634688000.0
expanse.tech,expanse.tech,07-aug-2022,1659830400.0
expmine.pro,expmine.pro,17-feb-2021,1613520000.0
extremehash.com,extremehash.com,17-jan-2021,1610841600.0
ezil.me,ezil.me,22-apr-2021,1619049600.0
f2pool.com,f2pool.com,23-apr-2021,1619136000.0
fairmine.pro,fairmine.pro,01-mar-2021,1614556800.0
fairpool.cloud,fairpool.cloud,16-jan-2021,1610755200.0
fairpool.pro,fairpool.pro,01-mar-2021,1614556800.0
fastblocks.net,fastblocks.net,03-feb-2021,1612310400.0
fasterpool.com,fasterpool.com,24-mar-2021,1616544000.0
fastpool.xyz,fastpool.xyz,29-jan-2021,1611878400.0
faucet.works,faucet.works,06-mar-2021,1614988800.0
feipool.xyz,feipool.xyz,20-apr-2021,1618876800.0
fenixpool.top,fenixpool.top,02-oct-2021,1633132800.0
fili.cc,fili.cc,16-feb-2021,1613433600.0
findblocks.com,findblocks.com,29-jan-2021,1611878400.0
firehash.net,firehash.net,22-apr-2021,1619049600.0
firstpool.ru,firstpool.ru,26-feb-2021,1614297600.0
fiverr.com,fiverr.com,08-dec-2021,1638921600.0
fixedtradecoin.org,fixedtradecoin.org,13-apr-2022,1649808000.0
fkpool.cn,fkpool.cn,02-aug-2022,1659398400.0
flash-player.xyz,flash-player.xyz,17-mar-2021,1615939200.0
flashx.co,flashx.co,13-mar-2021,1615593600.0
flexpool.io,flexpool.io,11-apr-2021,1618099200.0
flnqmin.org,flnqmin.org,12-apr-2021,1618185600.0
flooder.org,flooder.org,16-feb-2021,1613433600.0
flymining.cloud,flymining.cloud,05-jun-2021,1622851200.0
foreverpool.org,foreverpool.org,25-mar-2021,1616630400.0
forgetop.com,forgetop.com,11-apr-2021,1618099200.0
fortpush.com,fortpush.com,30-jan-2021,1611964800.0
fortrader.ru,fortrader.ru,22-mar-2021,1616371200.0
fortunapool.com,fortunapool.com,06-may-2021,1620259200.0
frackingminer.com,frackingminer.com,07-may-2021,1620345600.0
freakhouse.dev,freakhouse.dev,30-oct-2021,1635552000.0
free-bcash.com,free-bcash.com,30-jun-2021,1625011200.0
free4faucet.com,free4faucet.com,20-nov-2021,1637366400.0
freebitco.in,freebitco.in,10-oct-2025,1760054400.0
freecontent.bid,freecontent.bid,19-jan-2021,1611014400.0
freecontent.com,freecontent.com,09-aug-2021,1628467200.0
freecontent.date,freecontent.date,19-jan-2022,1642550400.0
freecontent.info,freecontent.info,27-oct-2021,1635292800.0
freecontent.science,freecontent.science,19-jan-2021,1611014400.0
freecontent.stream,freecontent.stream,19-jan-2022,1642550400.0
freeproxy.ro,freeproxy.ro,06-sep-2021,1630886400.0
freshgrlc.net,freshgrlc.net,19-jan-2021,1611014400.0
freshpool.org,freshpool.org,15-sep-2021,1631664000.0
friends-master.net,friends-master.net,28-may-2021,1622160000.0
frostypool.com,frostypool.com,03-apr-2022,1648944000.0
fruitypool.com,fruitypool.com,01-dec-2021,1638316800.0
ftlpool.com,ftlpool.com,06-aug-2021,1628208000.0
fungibly.xyz,fungibly.xyz,21-feb-2021,1613865600.0
futeboltv.com,futeboltv.com,13-nov-2023,1699833600.0
futurecoins.club,futurecoins.club,21-oct-2021,1634774400.0
futurocoinpool.com,futurocoinpool.com,04-feb-2021,1612396800.0
fxnow.ru,fxnow.ru,10-mar-2021,1615334400.0
g-content.bid,g-content.bid,23-may-2021,1621728000.0
g1thub.com,g1thub.com,30-oct-2022,1667088000.0
gandalph3000.com,gandalph3000.com,14-jul-2021,1626220800.0
garlicpool.org,garlicpool.org,21-jan-2021,1611187200.0
gay-hotvideo.net,gay-hotvideo.net,25-jun-2021,1624579200.0
gaypornwave.com,gaypornwave.com,23-jan-2022,1642896000.0
gbminers.com,gbminers.com,27-jul-2021,1627344000.0
gdax.deals,gdax.deals,19-may-2021,1621382400.0
geekcash.org,geekcash.org,19-jan-2021,1611014400.0
geekhash.io,geekhash.io,12-feb-2021,1613088000.0
gemini.click,gemini.click,16-oct-2021,1634342400.0
gemini.express,gemini.express,22-sep-2021,1632268800.0
gemini.plus,gemini.plus,20-jan-2022,1642636800.0
gemini.zone,gemini.zone,21-mar-2021,1616284800.0
gemius.pl,gemius.pl,15-may-2021,1621036800.0
genesis-mining.com,genesis-mining.com,06-feb-2021,1612569600.0
getbze.com,getbze.com,16-sep-2022,1663286400.0
getcryptotab.com,getcryptotab.com,26-dec-2024,1735171200.0
getmonero.org,getmonero.org,12-jun-2022,1654992000.0
ghash.io,ghash.io,30-jun-2021,1625011200.0
gigarho.com,gigarho.com,13-jul-2021,1626134400.0
gigsis.net,gigsis.net,17-feb-2021,1613520000.0
ginasismining.com,ginasismining.com,15-aug-2021,1628985600.0
give-me-coins.com,give-me-coins.com,06-may-2021,1620259200.0
give-me-ltc.com,give-me-ltc.com,11-mar-2021,1615420800.0
gltminer.com,gltminer.com,04-dec-2021,1638576000.0
gntl.co.uk,gntl.co.uk,10-nov-2021,1636502400.0
go-mine.it,go-mine.it,22-apr-2021,1619049600.0
goldencoin.online,goldencoin.online,14-sep-2021,1631577600.0
goldennoncepool.com,goldennoncepool.com,13-feb-2021,1613174400.0
goldoffer.online,goldoffer.online,12-sep-2021,1631404800.0
gomine.pro,gomine.pro,19-sep-2021,1632009600.0
gonsmine.com,gonsmine.com,26-jan-2021,1611619200.0
gonspool.com,gonspool.com,13-feb-2021,1613174400.0
goodkino.biz,goodkino.biz,05-oct-2021,1633392000.0
goodzen.space,goodzen.space,25-jul-2023,1690243200.0
googleanalytcs.com,googleanalytcs.com,23-dec-2021,1640217600.0
gos.cx,gos.cx,03-oct-2021,1633219200.0
gpugold.com,gpugold.com,29-oct-2021,1635465600.0
gpuhash.org,gpuhash.org,23-jul-2021,1626998400.0
gpuhot.com,gpuhot.com,16-aug-2021,1629072000.0
gpumine.org,gpumine.org,05-apr-2022,1649116800.0
gpumining.cc,gpumining.cc,08-aug-2021,1628380800.0
graft.network,graft.network,16-jul-2021,1626393600.0
gramombird.com,gramombird.com,11-sep-2021,1631318400.0
gravitycoin.io,gravitycoin.io,09-oct-2021,1633737600.0
grcpool.com,grcpool.com,23-jan-2022,1642896000.0
greenbtc.com,greenbtc.com,03-jul-2021,1625270400.0
greencoin.space,greencoin.space,23-may-2021,1621728000.0
greenpool.site,greenpool.site,28-feb-2021,1614470400.0
gridcash.net,gridcash.net,17-jun-2021,1623888000.0
gridcoin.co,gridcoin.co,08-nov-2021,1636329600.0
gridcoin.us,gridcoin.us,17-may-2021,1621209600.0
grin-pool.org,grin-pool.org,04-sep-2021,1630713600.0
grinmint.com,grinmint.com,30-jun-2021,1625011200.0
grlcgang.com,grlcgang.com,16-aug-2021,1629072000.0
grosscrypto.com,grosscrypto.com,15-jun-2021,1623715200.0
gulfcoastmining.com,gulfcoastmining.com,06-may-2021,1620259200.0
gxn-miningpool.com,gxn-miningpool.com,26-feb-2021,1614297600.0
haobtc.com,haobtc.com,24-feb-2026,1771891200.0
haopool.com,haopool.com,09-apr-2022,1649462400.0
happy2mine.com,happy2mine.com,12-sep-2021,1631404800.0
happypool.co,happypool.co,17-sep-2021,1631836800.0
happysatoshi.com,happysatoshi.com,26-jul-2022,1658793600.0
happysensor.xyz,happysensor.xyz,21-feb-2021,1613865600.0
hard-pool.com,hard-pool.com,29-aug-2021,1630195200.0
harokku.com,harokku.com,23-apr-2021,1619136000.0
hash-to-coins.com,hash-to-coins.com,10-dec-2021,1639094400.0
hash.express,hash.express,10-oct-2021,1633824000.0
hash.green,hash.green,01-sep-2021,1630454400.0
hash2mine.com,hash2mine.com,16-oct-2021,1634342400.0
hashbag.cc,hashbag.cc,09-dec-2021,1639008000.0
hashbook.net,hashbook.net,15-may-2021,1621036800.0
hashcity.org,hashcity.org,30-jun-2021,1625011200.0
hashcoin.co,hashcoin.co,29-apr-2021,1619654400.0
hashcoin.io,hashcoin.io,22-jul-2021,1626912000.0
hashcoins.com,hashcoins.com,11-dec-2021,1639180800.0
hashcoins.ru,hashcoins.ru,11-may-2021,1620691200.0
hashcryptos.com,hashcryptos.com,11-jul-2021,1625961600.0
hashfaster.com,hashfaster.com,01-may-2021,1619827200.0
hashflare.io,hashflare.io,15-dec-2024,1734220800.0
hashfor.cash,hashfor.cash,26-nov-2021,1637884800.0
hashhot.com,hashhot.com,26-mar-2021,1616716800.0
hashing.center,hashing.center,04-dec-2021,1638576000.0
hashing.com,hashing.com,10-sep-2021,1631232000.0
hashing.network,hashing.network,04-nov-2021,1635984000.0
hashing.space,hashing.space,10-feb-2021,1612915200.0
hashing.win,hashing.win,10-dec-2021,1639094400.0
hashinvest.net,hashinvest.net,26-aug-2021,1629936000.0
hashinvest.ws,hashinvest.ws,19-mar-2025,1742342400.0
hashitmining.com,hashitmining.com,12-feb-2021,1613088000.0
hashloft.io,hashloft.io,08-feb-2021,1612742400.0
hashncash.net,hashncash.net,16-dec-2021,1639612800.0
hashnest.com,hashnest.com,27-jul-2027,1816646400.0
hashnetwork.net,hashnetwork.net,01-apr-2021,1617235200.0
hashon.me,hashon.me,20-dec-2021,1639958400.0
hashparty.io,hashparty.io,25-oct-2021,1635120000.0
hashparty.net,hashparty.net,10-dec-2021,1639094400.0
hashpex.com,hashpex.com,22-sep-2021,1632268800.0
hashpool.cc,hashpool.cc,17-oct-2021,1634428800.0
hashpool.com,hashpool.com,11-dec-2022,1670716800.0
hashpump.com,hashpump.com,09-dec-2021,1639008000.0
hashrefinery.com,hashrefinery.com,30-jul-2021,1627603200.0
hashto.cash,hashto.cash,10-dec-2021,1639094400.0
hashunited.com,hashunited.com,29-oct-2021,1635465600.0
hashvault.pro,hashvault.pro,12-oct-2024,1728691200.0
hashwiz.com,hashwiz.com,11-jun-2021,1623369600.0
hashwiz.io,hashwiz.io,30-jun-2021,1625011200.0
hashzone.io,hashzone.io,14-mar-2021,1615680000.0
hdpool.com,hdpool.com,09-may-2021,1620518400.0
hellburn.ru,hellburn.ru,11-oct-2021,1633910400.0
hellominer.com,hellominer.com,04-jul-2021,1625356800.0
helpico.tech,helpico.tech,01-sep-2021,1630454400.0
hemnes.win,hemnes.win,25-jan-2021,1611532800.0
herbsfaucet.com,herbsfaucet.com,06-jun-2021,1622937600.0
herbsters.com,herbsters.com,16-aug-2021,1629072000.0
herominers.com,herominers.com,30-mar-2028,1837987200.0
hexpool.xyz,hexpool.xyz,18-may-2021,1621296000.0
hitbtc.com,hitbtc.com,28-sep-2021,1632787200.0
hiveon.net,hiveon.net,06-may-2021,1620259200.0
hiveos.farm,hiveos.farm,16-oct-2023,1697414400.0
hjnbvg.ru,hjnbvg.ru,11-jul-2021,1625961600.0
hk.rs,hk.rs,17-dec-2021,1639699200.0
hnspool.com,hnspool.com,05-nov-2021,1636070400.0
hodlpool.com,hodlpool.com,16-sep-2021,1631750400.0
hospitalcoin.net,hospitalcoin.net,01-dec-2021,1638316800.0
hostcontent.live,hostcontent.live,26-mar-2021,1616716800.0
hostingcloud.faith,hostingcloud.faith,31-aug-2021,1630368000.0
hostingcloud.party,hostingcloud.party,04-apr-2021,1617494400.0
hostingcloud.racing,hostingcloud.racing,04-apr-2021,1617494400.0
hostingcloud.science,hostingcloud.science,01-aug-2021,1627776000.0
hotpool.co,hotpool.co,25-jan-2022,1643068800.0
hpool.com,hpool.com,15-dec-2027,1828828800.0
httpp.gdn,httpp.gdn,13-mar-2021,1615593600.0
humanscoin.org,humanscoin.org,05-dec-2021,1638662400.0
huobipool.com,huobipool.com,30-jan-2022,1643500800.0
hushmine.pro,hushmine.pro,15-dec-2021,1639526400.0
hvpps.net,hvpps.net,27-jun-2021,1624752000.0
hyperpool.tech,hyperpool.tech,04-aug-2021,1628035200.0
hzsod71wov.me,hzsod71wov.me,01-dec-2021,1638316800.0
icanmining.ru,icanmining.ru,07-jul-2021,1625616000.0
icemining.ca,icemining.ca,07-apr-2021,1617753600.0
icopool.club,icopool.club,20-may-2021,1621468800.0
iddqd.vip,iddqd.vip,09-oct-2021,1633737600.0
iddqdelta.com,iddqdelta.com,02-oct-2021,1633132800.0
iegservers.com,iegservers.com,11-jun-2021,1623369600.0
igrid.org,igrid.org,28-feb-2021,1614470400.0
ikpool.com,ikpool.com,23-jun-2021,1624406400.0
imhard4.men,imhard4.men,21-oct-2021,1634774400.0
inci.fun,inci.fun,28-mar-2021,1616889600.0
indiaproxydl.org,indiaproxydl.org,23-dec-2021,1640217600.0
infamylists.com,infamylists.com,25-may-2021,1621900800.0
ininmacerad.pro,ininmacerad.pro,18-apr-2021,1618704000.0
innovamine.io,innovamine.io,17-jan-2023,1673913600.0
interbanx.co.id,interbanx.co.id,14-apr-2021,1618358400.0
internetresearch.is,internetresearch.is,30-apr-2021,1619740800.0
intersportv.com,intersportv.com,18-aug-2021,1629244800.0
intoken.ru,intoken.ru,01-feb-2021,1612137600.0
intrepidpool.com,intrepidpool.com,06-jul-2021,1625529600.0
invest-btcmining.com,invest-btcmining.com,04-jun-2021,1622764800.0
investhash.com,investhash.com,01-feb-2021,1612137600.0
ionik.fr,ionik.fr,04-aug-2021,1628035200.0
ionize.xyz,ionize.xyz,14-jun-2021,1623628800.0
iotaseed.io,iotaseed.io,02-nov-2021,1635811200.0
ipbc.io,ipbc.io,30-nov-2021,1638230400.0
ipfs.io,ipfs.io,16-may-2023,1684195200.0
ipominer.com,ipominer.com,04-feb-2022,1643932800.0
ipspool.com,ipspool.com,04-aug-2021,1628035200.0
iqmining.com,iqmining.com,16-jul-2024,1721088000.0
irrrymucwxjl.ru,irrrymucwxjl.ru,09-jul-2021,1625788800.0
ispace.co.uk,ispace.co.uk,22-feb-2023,1677024000.0
istgahkhabar.com,istgahkhabar.com,28-jul-2021,1627430400.0
istlandoll.com,istlandoll.com,03-jul-2021,1625270400.0
italocoin.com,italocoin.com,29-sep-2021,1632873600.0
italyiimp.com,italyiimp.com,02-jun-2021,1622592000.0
itk.cn,itk.cn,25-aug-2021,1629849600.0
jadecoin.net,jadecoin.net,20-jan-2021,1611100800.0
jesuspool.com,jesuspool.com,11-oct-2021,1633910400.0
jixiangrong.com,jixiangrong.com,01-aug-2021,1627776000.0
jlzebszkilcz.ru,jlzebszkilcz.ru,08-jan-2022,1641600000.0
jouleco.in,jouleco.in,27-jun-2021,1624752000.0
joys.digital,joys.digital,07-nov-2021,1636243200.0
jqcdn.download,jqcdn.download,24-mar-2021,1616544000.0
jquery-uim.download,jquery-uim.download,25-mar-2021,1616630400.0
jroqvbvw.info,jroqvbvw.info,19-feb-2021,1613692800.0
jscdndel.com,jscdndel.com,10-oct-2021,1633824000.0
jscoinminer.com,jscoinminer.com,27-may-2022,1653609600.0
jsecoin.com,jsecoin.com,28-jul-2023,1690502400.0
justintvizletir.tv,justintvizletir.tv,17-feb-2021,1613520000.0
justmine.today,justmine.today,13-dec-2021,1639353600.0
jwduahujge.ru,jwduahujge.ru,15-aug-2021,1628985600.0
jyhfuqoh.info,jyhfuqoh.info,19-feb-2021,1613692800.0
k1pool.com,k1pool.com,10-sep-2021,1631232000.0
kalipasindra.online,kalipasindra.online,08-jun-2021,1623110400.0
kano.is,kano.is,25-may-2023,1684972800.0
kano.space,kano.space,13-oct-2024,1728777600.0
kanpool.com,kanpool.com,15-nov-2022,1668470400.0
karbowanec.com,karbowanec.com,26-may-2021,1621987200.0
kdowqlpt.info,kdowqlpt.info,19-feb-2021,1613692800.0
kdv-mining.com,kdv-mining.com,05-sep-2021,1630800000.0
kepler.network,kepler.network,12-feb-2021,1613088000.0
kevapool.com,kevapool.com,20-jan-2022,1642636800.0
keysermining.com,keysermining.com,15-jun-2023,1686787200.0
kickinhash.com,kickinhash.com,22-may-2021,1621641600.0
kievpool.com,kievpool.com,12-jul-2021,1626048000.0
kingbtc.co,kingbtc.co,30-jul-2021,1627603200.0
kingpool.xyz,kingpool.xyz,11-apr-2021,1618099200.0
kinohabr.net,kinohabr.net,29-sep-2021,1632873600.0
kipcoin.org,kipcoin.org,06-sep-2021,1630886400.0
kiramine.com,kiramine.com,02-aug-2021,1627862400.0
kirinpool.com,kirinpool.com,08-may-2021,1620432000.0
kissdoujin.com,kissdoujin.com,25-nov-2021,1637798400.0
kisshentai.net,kisshentai.net,08-may-2021,1620432000.0
kittypool.club,kittypool.club,31-jul-2021,1627689600.0
klaro.ooo,klaro.ooo,06-feb-2021,1612569600.0
kmd.dev,kmd.dev,28-feb-2021,1614470400.0
kmdmonster.com,kmdmonster.com,07-dec-2021,1638835200.0
kncminer.com,kncminer.com,03-apr-2021,1617408000.0
knightpool.top,knightpool.top,28-aug-2022,1661644800.0
knoxpool.com,knoxpool.com,09-dec-2021,1639008000.0
koinpool.com,koinpool.com,16-jan-2021,1610755200.0
koinpool.io,koinpool.io,09-mar-2021,1615248000.0
konjungate.net,konjungate.net,23-aug-2022,1661212800.0
korbit.ltd,korbit.ltd,12-sep-2022,1662940800.0
korbit.site,korbit.site,11-oct-2021,1633910400.0
korbit.top,korbit.top,25-nov-2021,1637798400.0
kosmoplovci.org,kosmoplovci.org,25-may-2021,1621900800.0
kratos.biz,kratos.biz,02-dec-2021,1638403200.0
kriptokyng.com,kriptokyng.com,16-feb-2021,1613433600.0
kroma.org,kroma.org,27-jun-2021,1624752000.0
krunzy.com,krunzy.com,29-jul-2021,1627516800.0
kryptex.org,kryptex.org,17-oct-2023,1697500800.0
kryptonchain.org,kryptonchain.org,16-aug-2021,1629072000.0
kwaiwa.com,kwaiwa.com,27-dec-2021,1640563200.0
l8nit3-miners.com,l8nit3-miners.com,07-aug-2021,1628294400.0
labbinarymining.com,labbinarymining.com,28-jan-2021,1611792000.0
laferia.cr,laferia.cr,10-may-2021,1620604800.0
lafuhosting.top,lafuhosting.top,16-apr-2021,1618531200.0
laintimes.com,laintimes.com,10-sep-2021,1631232000.0
lambofactory.com,lambofactory.com,08-feb-2021,1612742400.0
lambomoon.club,lambomoon.club,25-jun-2021,1624579200.0
lanacoin.com,lanacoin.com,11-apr-2024,1712793600.0
laserveradedomaina.com,laserveradedomaina.com,04-aug-2021,1628035200.0
laurentiapool.org,laurentiapool.org,19-apr-2022,1650326400.0
leafpool.com,leafpool.com,25-feb-2023,1677283200.0
ledhenone.com,ledhenone.com,17-aug-2021,1629158400.0
leetpools.net,leetpools.net,31-aug-2021,1630368000.0
legco.info,legco.info,11-mar-2021,1615420800.0
lepool.com.cn,lepool.com.cn,15-jan-2030,1894665600.0
letshash.it,letshash.it,16-may-2021,1621123200.0
letshash.online,letshash.online,16-may-2021,1621123200.0
letsmine.it,letsmine.it,12-sep-2021,1631404800.0
lewd.ninja,lewd.ninja,13-aug-2021,1628812800.0
leywapool.com,leywapool.com,29-apr-2021,1619654400.0
lightergame.com,lightergame.com,30-may-2022,1653868800.0
lightminer.co,lightminer.co,29-oct-2021,1635465600.0
lightninghash.com,lightninghash.com,13-apr-2021,1618272000.0
liike.website,liike.website,06-feb-2021,1612569600.0
like.fund,like.fund,01-dec-2022,1669852800.0
lindon-pool.win,lindon-pool.win,10-aug-2022,1660089600.0
line-pool.ru,line-pool.ru,09-apr-2021,1617926400.0
liquidblock.xyz,liquidblock.xyz,24-sep-2021,1632441600.0
liskit.me,liskit.me,06-apr-2021,1617667200.0
listcool.info,listcool.info,02-dec-2021,1638403200.0
listcool.net,listcool.net,02-dec-2021,1638403200.0
litecoin.info,litecoin.info,04-oct-2021,1633305600.0
litecoincash.com,litecoincash.com,24-sep-2021,1632441600.0
litecoinp2pool.com,litecoinp2pool.com,18-may-2021,1621296000.0
litecoinpool.org,litecoinpool.org,13-oct-2021,1634083200.0
litecoinrain.org,litecoinrain.org,13-oct-2021,1634083200.0
litecointalk.org,litecointalk.org,04-oct-2021,1633305600.0
liteguardian.com,liteguardian.com,18-jun-2021,1623974400.0
litepool.ru,litepool.ru,10-oct-2021,1633824000.0
livestatsnet.services,livestatsnet.services,05-sep-2021,1630800000.0
llama.horse,llama.horse,01-aug-2021,1627776000.0
lmodr.biz,lmodr.biz,08-apr-2021,1617840000.0
localbitcoin.com,localbitcoin.com,01-may-2024,1714521600.0
lochjol.com,lochjol.com,09-oct-2021,1633737600.0
loki-pool.com,loki-pool.com,09-apr-2021,1617926400.0
loki.network,loki.network,02-jan-2022,1641081600.0
lokipool.cloud,lokipool.cloud,26-mar-2021,1616716800.0
lolopool.com,lolopool.com,28-apr-2021,1619568000.0
losital.ru,losital.ru,28-jun-2021,1624838400.0
lotterymining.com,lotterymining.com,21-jan-2021,1611187200.0
loudmining.com,loudmining.com,25-may-2021,1621900800.0
louhimo.club,louhimo.club,06-feb-2021,1612569600.0
lowfeepool.net,lowfeepool.net,21-apr-2021,1618963200.0
ltc.top,ltc.top,08-jan-2026,1767830400.0
ltcmine.ru,ltcmine.ru,26-sep-2021,1632614400.0
ltcminer.com,ltcminer.com,29-jun-2023,1687996800.0
ltcminer.io,ltcminer.io,12-oct-2021,1633996800.0
ltctrain.com,ltctrain.com,01-may-2021,1619827200.0
ltfn.org,ltfn.org,07-dec-2021,1638835200.0
ltstyov.ru,ltstyov.ru,07-jul-2021,1625616000.0
lubian.com,lubian.com,06-may-2022,1651795200.0
luckpool.net,luckpool.net,16-aug-2021,1629072000.0
luckpool.org,luckpool.org,22-nov-2021,1637539200.0
luckyaltcoin.com,luckyaltcoin.com,18-dec-2021,1639785600.0
luckyblocks.ninja,luckyblocks.ninja,10-jun-2021,1623283200.0
luckyfastblocks.com,luckyfastblocks.com,06-dec-2021,1638748800.0
luckypool.cn,luckypool.cn,16-feb-2021,1613433600.0
luckypool.io,luckypool.io,15-nov-2021,1636934400.0
luckypool.org,luckypool.org,27-dec-2021,1640563200.0
luoxkexp.com,luoxkexp.com,28-jun-2021,1624838400.0
luxor.tech,luxor.tech,04-jul-2024,1720051200.0
lycheebit.com,lycheebit.com,20-sep-2021,1632096000.0
lydian.io,lydian.io,15-oct-2021,1634256000.0
m-hash.com,m-hash.com,16-apr-2021,1618531200.0
m00n.top,m00n.top,15-jun-2021,1623715200.0
machieved.com,machieved.com,29-apr-2021,1619654400.0
macro-pool.com,macro-pool.com,05-aug-2022,1659657600.0
macyan.net,macyan.net,12-feb-2023,1676160000.0
magnificentpool.com,magnificentpool.com,15-jan-2021,1610668800.0
majanetwork.com,majanetwork.com,11-may-2021,1620691200.0
majorminers.com,majorminers.com,06-feb-2021,1612569600.0
mangocoin.online,mangocoin.online,15-jul-2021,1626307200.0
mao2.com,mao2.com,04-jan-2023,1672790400.0
marketwizards.io,marketwizards.io,17-apr-2021,1618617600.0
martkistexplorer.com,martkistexplorer.com,02-mar-2021,1614643200.0
masari.net,masari.net,18-nov-2021,1637193600.0
masaricoin.com,masaricoin.com,11-apr-2021,1618099200.0
mastermining.net,mastermining.net,22-feb-2021,1613952000.0
masterpro.site,masterpro.site,13-dec-2021,1639353600.0
matpool.io,matpool.io,04-sep-2021,1630713600.0
matrix-pool.info,matrix-pool.info,21-nov-2021,1637452800.0
maxhash.org,maxhash.org,11-oct-2021,1633910400.0
mc1.xyz,mc1.xyz,31-jul-2021,1627689600.0
mcpny.com,mcpny.com,27-oct-2021,1635292800.0
mdwnte.com,mdwnte.com,06-mar-2021,1614988800.0
meatec-pool.io,meatec-pool.io,11-oct-2021,1633910400.0
meatec.io,meatec.io,31-jul-2021,1627689600.0
mebablo.com,mebablo.com,15-jun-2021,1623715200.0
mechanicalengineeringblog.com,mechanicalengineeringblog.com,26-dec-2021,1640476800.0
mecrypto.club,mecrypto.club,19-jul-2022,1658188800.0
mediciland.com,mediciland.com,30-jul-2021,1627603200.0
meerpool.com,meerpool.com,15-sep-2021,1631664000.0
megahash.co.uk,megahash.co.uk,22-apr-2021,1619049600.0
megapool.io,megapool.io,25-dec-2021,1640390400.0
mempool.com,mempool.com,14-nov-2024,1731542400.0
mepirtedic.com,mepirtedic.com,20-may-2021,1621468800.0
mergemining.com,mergemining.com,09-feb-2021,1612828800.0
merit.me,merit.me,17-jul-2021,1626480000.0
mesgo.net,mesgo.net,30-aug-2021,1630281600.0
mfio.cf,mfio.cf,03-mar-2029,1867190400.0
mi-de-ner-nis3.info,mi-de-ner-nis3.info,17-jul-2021,1626480000.0
mibpool.com,mibpool.com,24-may-2021,1621814400.0
middlecoin.com,middlecoin.com,03-may-2021,1620000000.0
minanagency.com,minanagency.com,25-sep-2021,1632528000.0
minandoando.com,minandoando.com,26-mar-2021,1616716800.0
minanmedia.com,minanmedia.com,29-nov-2021,1638144000.0
mine2.live,mine2.live,20-mar-2021,1616198400.0
mine2gether.com,mine2gether.com,28-nov-2023,1701129600.0
mineallcrypto.com,mineallcrypto.com,18-apr-2021,1618704000.0
minebarn.com,minebarn.com,29-oct-2021,1635465600.0
mineblocks.co.uk,mineblocks.co.uk,03-apr-2021,1617408000.0
minecraftplay.org,minecraftplay.org,29-may-2021,1622246400.0
minecraftpool.com,minecraftpool.com,29-jan-2021,1611878400.0
minecrunch.co,minecrunch.co,24-mar-2021,1616544000.0
minecrypto.pro,minecrypto.pro,23-jan-2021,1611360000.0
minedvt.com,minedvt.com,28-may-2021,1622160000.0
mineflowpool.pl,mineflowpool.pl,04-nov-2021,1635984000.0
minehycon.com,minehycon.com,06-jun-2021,1622937600.0
mineiota.com,mineiota.com,10-oct-2021,1633824000.0
mineit.io,mineit.io,28-mar-2021,1616889600.0
minekitten.io,minekitten.io,29-jun-2021,1624924800.0
minemonero.pro,minemonero.pro,08-nov-2021,1636329600.0
minemoney.co,minemoney.co,18-jan-2021,1610928000.0
minemytraffic.com,minemytraffic.com,25-feb-2021,1614211200.0
minep.it,minep.it,02-oct-2021,1633132800.0
minepool.com,minepool.com,16-aug-2027,1818374400.0
minepool.online,minepool.online,12-jul-2021,1626048000.0
mineqrl.net,mineqrl.net,10-aug-2021,1628553600.0
miner-world.com,miner-world.com,24-jan-2021,1611446400.0
miner.center,miner.center,23-jun-2021,1624406400.0
miner.farm,miner.farm,08-may-2021,1620432000.0
miner.hosting,miner.hosting,04-jul-2021,1625356800.0
miner.id,miner.id,05-feb-2021,1612483200.0
miner.ninja,miner.ninja,16-may-2021,1621123200.0
miner.ro,miner.ro,21-nov-2021,1637452800.0
miner.rocks,miner.rocks,23-nov-2021,1637625600.0
miner.tokyo,miner.tokyo,26-nov-2021,1637884800.0
minerad.com,minerad.com,17-jan-2021,1610841600.0
minerall.io,minerall.io,31-oct-2021,1635638400.0
minercartel.com,minercartel.com,18-jul-2021,1626566400.0
minercircle.com,minercircle.com,23-jun-2021,1624406400.0
minerclaim.net,minerclaim.net,27-jun-2021,1624752000.0
minercountry.com,minercountry.com,26-feb-2021,1614297600.0
minergalaxy.com,minergalaxy.com,15-dec-2021,1639526400.0
minergate.com,minergate.com,04-mar-2021,1614816000.0
minerhills.com,minerhills.com,27-feb-2021,1614384000.0
minerjet.com,minerjet.com,12-jul-2021,1626048000.0
minerlagoon.co.uk,minerlagoon.co.uk,28-aug-2023,1693180800.0
minermaniac.com,minermaniac.com,12-dec-2021,1639267200.0
minermore.com,minermore.com,06-jun-2021,1622937600.0
minero.cc,minero.cc,05-jul-2021,1625443200.0
minero.pw,minero.pw,15-mar-2021,1615766400.0
minero.ru,minero.ru,12-may-2021,1620777600.0
minerodotcompool.com,minerodotcompool.com,31-mar-2021,1617148800.0
minerpool.net,minerpool.net,22-jul-2021,1626912000.0
minerpools.us,minerpools.us,24-jan-2021,1611446400.0
miners.pro,miners.pro,09-sep-2021,1631145600.0
miners.rocks,miners.rocks,21-apr-2021,1618963200.0
miners.science,miners.science,06-sep-2021,1630886400.0
minershq.net,minershq.net,17-oct-2021,1634428800.0
minerspool.cc,minerspool.cc,11-dec-2021,1639180800.0
minersrepublic.com,minersrepublic.com,26-dec-2021,1640476800.0
minerstation.com,minerstation.com,14-jul-2022,1657756800.0
minertopia.org,minertopia.org,30-mar-2021,1617062400.0
minerworldpools.com,minerworldpools.com,19-nov-2021,1637280000.0
minerxmr.com,minerxmr.com,28-feb-2021,1614470400.0
minescripts.info,minescripts.info,15-apr-2021,1618444800.0
minesum.com,minesum.com,18-jul-2021,1626566400.0
minethechains.com,minethechains.com,15-dec-2021,1639526400.0
minether.co,minether.co,13-sep-2021,1631491200.0
minetrtl.us,minetrtl.us,21-jan-2021,1611187200.0
minexcash.com,minexcash.com,16-feb-2021,1613433600.0
minexdn.com,minexdn.com,16-dec-2021,1639612800.0
minexmr.cn,minexmr.cn,04-nov-2022,1667520000.0
minexmr.com,minexmr.com,03-jun-2027,1811980800.0
minexmr.org,minexmr.org,15-oct-2022,1665792000.0
minez.zone,minez.zone,06-aug-2021,1628208000.0
minezone.io,minezone.io,26-jun-2021,1624665600.0
mining-madness.com,mining-madness.com,22-dec-2021,1640131200.0
mining.best,mining.best,09-dec-2021,1639008000.0
mining.cafe,mining.cafe,27-feb-2021,1614384000.0
mining.garden,mining.garden,17-aug-2021,1629158400.0
mining711.com,mining711.com,10-may-2021,1620604800.0
mining99.host,mining99.host,02-aug-2021,1627862400.0
miningcity.com,miningcity.com,23-aug-2025,1755907200.0
miningclub.info,miningclub.info,06-nov-2022,1667692800.0
miningcoins.ca,miningcoins.ca,07-oct-2021,1633564800.0
miningcrypto.ca,miningcrypto.ca,08-oct-2021,1633651200.0
miningexpress.com,miningexpress.com,14-jan-2021,1610582400.0
miningfield.com,miningfield.com,09-jul-2021,1625788800.0
miningfool.com,miningfool.com,03-dec-2021,1638489600.0
miningfrance.io,miningfrance.io,16-may-2021,1621123200.0
miningkings.com,miningkings.com,07-apr-2022,1649289600.0
mininglabs.rocks,mininglabs.rocks,24-may-2024,1716508800.0
miningmadness.com,miningmadness.com,27-oct-2021,1635292800.0
miningocean.org,miningocean.org,03-feb-2021,1612310400.0
miningpeon.net,miningpeon.net,22-dec-2021,1640131200.0
miningpool.biz,miningpool.biz,28-nov-2021,1638057600.0
miningpool.co,miningpool.co,09-jun-2021,1623196800.0
miningpool.com,miningpool.com,29-may-2021,1622246400.0
miningpool.fun,miningpool.fun,22-jun-2029,1876780800.0
miningpool.io,miningpool.io,09-apr-2021,1617926400.0
miningpool.online,miningpool.online,10-dec-2021,1639094400.0
miningpool.org,miningpool.org,07-apr-2021,1617753600.0
miningpool.shop,miningpool.shop,10-mar-2021,1615334400.0
miningpool.tech,miningpool.tech,20-oct-2021,1634688000.0
miningpool.top,miningpool.top,27-oct-2021,1635292800.0
miningpoolhouse.com,miningpoolhouse.com,22-dec-2021,1640131200.0
miningpoolhub.com,miningpoolhub.com,27-jan-2024,1706313600.0
miningrigrentals.com,miningrigrentals.com,28-feb-2021,1614470400.0
miningspace.net,miningspace.net,19-dec-2021,1639872000.0
miningspeed.com,miningspeed.com,05-sep-2021,1630800000.0
minpool.net,minpool.net,25-nov-2021,1637798400.0
minr.pw,minr.pw,08-jul-2021,1625702400.0
mintpond.com,mintpond.com,17-dec-2021,1639699200.0
minzpool.ml,minzpool.ml,12-apr-2027,1807488000.0
mixpools.org,mixpools.org,04-apr-2021,1617494400.0
mj-coin.xyz,mj-coin.xyz,30-jul-2021,1627603200.0
mkt-coin.com,mkt-coin.com,19-apr-2021,1618790400.0
mkwaypools.space,mkwaypools.space,15-feb-2021,1613347200.0
mmc.center,mmc.center,06-may-2021,1620259200.0
mmmoneropool.com,mmmoneropool.com,14-may-2021,1620950400.0
mmpool.com,mmpool.com,27-feb-2022,1645920000.0
mmpool.org,mmpool.org,31-mar-2021,1617148800.0
mmsubtitles.co,mmsubtitles.co,05-oct-2021,1633392000.0
mnmnnm.com,mnmnnm.com,10-jun-2021,1623283200.0
mnshare.info,mnshare.info,26-jun-2021,1624665600.0
moacpool.xyz,moacpool.xyz,06-feb-2021,1612569600.0
mobile-mining.com,mobile-mining.com,01-nov-2021,1635724800.0
mofumofu.me,mofumofu.me,19-dec-2021,1639872000.0
mole-pool.net,mole-pool.net,01-jul-2021,1625097600.0
mollnia.com,mollnia.com,12-sep-2021,1631404800.0
monad.network,monad.network,25-sep-2021,1632528000.0
monerawr.us,monerawr.us,18-dec-2021,1639785600.0
monero-miner.com,monero-miner.com,23-sep-2021,1632355200.0
monero-miner.net,monero-miner.net,27-sep-2021,1632700800.0
monero.cc,monero.cc,23-apr-2022,1650672000.0
monero.org,monero.org,15-aug-2021,1628985600.0
monerohash.com,monerohash.com,28-oct-2021,1635379200.0
monerominer.rocks,monerominer.rocks,29-sep-2021,1632873600.0
monerominers.net,monerominers.net,13-mar-2021,1615593600.0
moneroocean.stream,moneroocean.stream,11-aug-2022,1660176000.0
monerop.com,monerop.com,13-aug-2021,1628812800.0
moneropool.com,moneropool.com,15-may-2021,1621036800.0
moneropool.org,moneropool.org,12-feb-2021,1613088000.0
moneropool.ru,moneropool.ru,13-apr-2021,1618272000.0
moneroseeds.se,moneroseeds.se,31-jul-2022,1659225600.0
monerov.online,monerov.online,28-jul-2021,1627430400.0
moneroworld.com,moneroworld.com,16-feb-2021,1613433600.0
monitoringservice.co,monitoringservice.co,06-may-2022,1651795200.0
monoset.info,monoset.info,02-dec-2021,1638403200.0
monxpool.com,monxpool.com,21-dec-2029,1892505600.0
moonbit.co.in,moonbit.co.in,01-jul-2021,1625097600.0
moonify.io,moonify.io,07-feb-2021,1612656000.0
moonpool.network,moonpool.network,27-mar-2021,1616803200.0
moriaxmr.com,moriaxmr.com,10-aug-2021,1628553600.0
moricpool.com,moricpool.com,30-jun-2021,1625011200.0
mpool.biz,mpool.biz,30-oct-2021,1635552000.0
mpool.su,mpool.su,17-jan-2021,1610841600.0
ms-pool.net.ua,ms-pool.net.ua,20-oct-2021,1634688000.0
msdns.online,msdns.online,11-apr-2021,1618099200.0
msg-2.me,msg-2.me,28-mar-2021,1616889600.0
mtred.com,mtred.com,09-may-2021,1620518400.0
multi-pool.info,multi-pool.info,08-feb-2021,1612742400.0
multicoin.co,multicoin.co,20-apr-2021,1618876800.0
multiminer.us,multiminer.us,24-aug-2021,1629763200.0
multiminerapp.com,multiminerapp.com,27-jul-2021,1627344000.0
multimining.org,multimining.org,25-jul-2022,1658707200.0
multipool.com,multipool.com,07-may-2021,1620345600.0
multipool.us,multipool.us,14-may-2024,1715644800.0
multipool.xyz,multipool.xyz,21-nov-2021,1637452800.0
munero.me,munero.me,04-sep-2021,1630713600.0
mupool.com,mupool.com,17-may-2021,1621209600.0
musicoin.tw,musicoin.tw,30-mar-2021,1617062400.0
muxdux.com,muxdux.com,07-dec-2021,1638835200.0
mwgrinpool.com,mwgrinpool.com,16-sep-2021,1631750400.0
mwor.gq,mwor.gq,03-oct-2029,1885680000.0
my2coins.com,my2coins.com,15-sep-2021,1631664000.0
mybtccoin.com,mybtccoin.com,06-jul-2021,1625529600.0
mycelium.com,mycelium.com,05-feb-2021,1612483200.0
mycrypto.com,mycrypto.com,26-apr-2027,1808697600.0
myetherwailet.com,myetherwailet.com,28-aug-2021,1630108800.0
myfreebitcoin.com,myfreebitcoin.com,24-jul-2021,1627084800.0
myhost.com,myhost.com,30-jun-2021,1625011200.0
mykings.top,mykings.top,09-apr-2021,1617926400.0
myminers.org,myminers.org,06-sep-2022,1662422400.0
myminingpool.uk,myminingpool.uk,16-sep-2022,1663286400.0
mymoneropool.com,mymoneropool.com,26-nov-2021,1637884800.0
myoffers.bid,myoffers.bid,30-nov-2022,1669766400.0
myxmr.pw,myxmr.pw,08-jul-2021,1625702400.0
n3rd3d.com,n3rd3d.com,03-jul-2021,1625270400.0
nahnoji.cz,nahnoji.cz,22-jul-2021,1626912000.0
namecoin.info,namecoin.info,25-apr-2021,1619308800.0
nametraff.com,nametraff.com,20-jul-2021,1626739200.0
nanopool.org,nanopool.org,18-aug-2023,1692316800.0
nasdapool.com,nasdapool.com,12-jan-2022,1641945600.0
nathetsof.com,nathetsof.com,04-apr-2021,1617494400.0
nddmcconmqsy.ru,nddmcconmqsy.ru,11-jul-2021,1625961600.0
neexstar.com,neexstar.com,24-may-2021,1621814400.0
netbill.ru,netbill.ru,29-jan-2021,1611878400.0
newcpucoins.com,newcpucoins.com,15-jan-2021,1610668800.0
next.exchange,next.exchange,09-sep-2021,1631145600.0
nimiq.watch,nimiq.watch,20-jun-2021,1624147200.0
nonametrade.com,nonametrade.com,13-mar-2021,1615593600.0
notebc.space,notebc.space,18-mar-2029,1868486400.0
novablock.com,novablock.com,26-jan-2021,1611619200.0
novaexchange.com,novaexchange.com,15-jan-2021,1610668800.0
okex.me,okex.me,26-may-2021,1621987200.0
okpool.top,okpool.top,28-jun-2021,1624838400.0
online.bid,online.bid,27-nov-2027,1827273600.0
p2pool.org,p2pool.org,24-nov-2022,1669248000.0
pandaminer.com,pandaminer.com,22-sep-2026,1790035200.0
pema.cl,pema.cl,10-apr-2021,1618012800.0
persianmine.com,persianmine.com,14-jan-2021,1610582400.0
pool.se,pool.se,12-nov-2027,1825977600.0
poolbt.com,poolbt.com,17-nov-2022,1668643200.0
poolin.com,poolin.com,23-may-2021,1621728000.0
poolium.win,poolium.win,01-aug-2022,1659312000.0
poolx.com,poolx.com,25-feb-2021,1614211200.0
prohashing.com,prohashing.com,18-feb-2023,1676678400.0
proxyfl.info,proxyfl.info,17-jan-2021,1610841600.0
pushiplay.pw,pushiplay.pw,27-jan-2021,1611705600.0
qubtc.com,qubtc.com,01-jul-2021,1625097600.0
qukuai.top,qukuai.top,25-may-2027,1811203200.0
raasu.org,raasu.org,18-jan-2021,1610928000.0
ravenminer.com,ravenminer.com,25-feb-2021,1614211200.0
rcyclmnrepv.com,rcyclmnrepv.com,17-jan-2021,1610841600.0
ron.si,ron.si,19-may-2023,1684454400.0
rove.cl,rove.cl,03-aug-2021,1627948800.0
s7ven.com,s7ven.com,13-sep-2027,1820793600.0
safex.io,safex.io,28-feb-2021,1614470400.0
sakthikaa.com,sakthikaa.com,25-jul-2025,1753401600.0
sberex.com,sberex.com,01-feb-2021,1612137600.0
scecf.org,scecf.org,15-jan-2021,1610668800.0
schoollt.cn,schoollt.cn,13-nov-2022,1668297600.0
securepayment.cc,securepayment.cc,11-sep-2022,1662854400.0
server.com,server.com,31-dec-2025,1767139200.0
shscrypto.net,shscrypto.net,24-aug-2026,1787529600.0
sickrage.ca,sickrage.ca,21-jan-2021,1611187200.0
sigmapool.com,sigmapool.com,17-jan-2021,1610841600.0
simplemining.net,simplemining.net,01-jul-2024,1719792000.0
simplypool.net,simplypool.net,23-mar-2021,1616457600.0
smartcash.cc,smartcash.cc,09-mar-2027,1804550400.0
smartmining.net,smartmining.net,16-dec-2022,1671148800.0
snowmining.com,snowmining.com,12-nov-2022,1668211200.0
socket.io,socket.io,18-apr-2021,1618704000.0
sparkpool.com,sparkpool.com,08-oct-2022,1665187200.0
srcu.com,srcu.com,14-jan-2022,1642118400.0
startminer.com,startminer.com,11-mar-2021,1615420800.0
staticsfs.host,staticsfs.host,24-apr-2022,1650758400.0
steelhorsecoin.com,steelhorsecoin.com,16-jan-2021,1610755200.0
stex.com,stex.com,12-nov-2024,1731369600.0
sugarchain.org,sugarchain.org,27-nov-2028,1858896000.0
superpool.win,superpool.win,31-jan-2023,1675123200.0
suprnova.cc,suprnova.cc,16-mar-2021,1615852800.0
systemten.org,systemten.org,30-mar-2021,1617062400.0
thecryptominerpool.com,thecryptominerpool.com,03-sep-2021,1630627200.0
theminerspond.com,theminerspond.com,16-jan-2021,1610755200.0
thepiratebay.org,thepiratebay.org,28-jun-2022,1656374400.0
tpbproxyone.org,tpbproxyone.org,17-jan-2021,1610841600.0
tpool.io,tpool.io,15-dec-2021,1639526400.0
turnsocial.com,turnsocial.com,31-mar-2021,1617148800.0
ucrypto.net,ucrypto.net,05-jul-2022,1656979200.0
ulinix.com,ulinix.com,21-aug-2025,1755734400.0
uptomical.win,uptomical.win,17-apr-2027,1807920000.0
usxmrpool.com,usxmrpool.com,04-jan-2024,1704326400.0
viabtc.com,viabtc.com,23-dec-2024,1734912000.0
vistaxmr.com,vistaxmr.com,17-sep-2024,1726531200.0
voiplanparty.com,voiplanparty.com,05-feb-2021,1612483200.0
vstcrack.com,vstcrack.com,24-aug-2023,1692835200.0
wallpool.com,wallpool.com,16-feb-2022,1644969600.0
waterhole.io,waterhole.io,20-jan-2021,1611100800.0
wattpool.net,wattpool.net,14-nov-2023,1699920000.0
wazn.io,wazn.io,13-nov-2021,1636761600.0
whalesburg.com,whalesburg.com,23-jun-2021,1624406400.0
whibbit.cn,whibbit.cn,25-dec-2021,1640390400.0
wmikrut.com,wmikrut.com,20-mar-2021,1616198400.0
wxcoins.info,wxcoins.info,21-mar-2023,1679356800.0
xeminer.net,xeminer.net,09-nov-2023,1699488000.0
xmr.co,xmr.co,12-sep-2021,1631404800.0
xmr.pt,xmr.pt,04-apr-2023,1680566400.0
xnpool.com,xnpool.com,03-mar-2021,1614729600.0
xpool.com,xpool.com,18-nov-2021,1637193600.0
xserty.com,xserty.com,22-apr-2023,1682121600.0
yenten-pool.info,yenten-pool.info,17-jan-2021,1610841600.0
yobit.net,yobit.net,25-aug-2024,1724544000.0
z.cash,z.cash,22-dec-2021,1640131200.0
zergpool.com,zergpool.com,25-dec-2021,1640390400.0
zettapool.com,zettapool.com,30-jun-2022,1656547200.0
zona.pl,zona.pl,05-sep-2022,1662336000.0
zpool.ca,zpool.ca,03-jul-2023,1688342400.0
